checkpoint,mean_reward,std_reward,mean_steps,std_steps,mean_action_time_ms,std_action_time_ms
1000,0.32,0.947417542586161,467.42,411.53109675940647,0.03360555361051326,0.00245932205628369
10000,-0.36,0.932952303175248,252.84,310.62719520351084,0.03352391509099385,0.0016873501323288666
100000,-0.64,0.7683749084919419,212.74,235.80176504852545,0.03363684500969005,0.0025554403691500412
