checkpoint,mean_reward,std_reward,mean_steps,std_steps,mean_action_time_ms,std_action_time_ms
500,0.51,0.7415524256584964,7.75,1.3518505834595773,0.02989352445204764,0.0033595791343566405
