checkpoint,mean_reward,std_reward,mean_steps,std_steps,mean_action_time_ms,std_action_time_ms
100,1.0,0.0,13.64,10.685990829118282,0.0002692775156272471,0.00011298259793068997
500,1.0,0.0,17.6,16.154256405046937,0.00024399986696979877,5.840806827609698e-05
1000,1.0,0.0,15.76,10.893227253665463,0.00024411883021983774,5.935727217988737e-05
