checkpoint,mean_reward,std_reward,mean_steps,std_steps,mean_action_time_ms,std_action_time_ms
500,0.74,0.626418390534633,6.92,0.8565045242145543,0.030549247409729165,0.005135007183939462
