checkpoint,mean_reward,std_reward,mean_steps,std_steps,mean_action_time_ms,std_action_time_ms
500,0.54,0.6696267617113283,8.5,0.8774964387392122,0.02889608050339875,0.0016322108476443133
