checkpoint,mean_reward,std_reward,mean_steps,std_steps,mean_action_time_ms,std_action_time_ms
500,0.54,0.7539230729988305,7.52,1.2204917041913885,0.0014868440968764313,0.0003775359172994536
