checkpoint,mean_reward,std_reward,mean_steps,std_steps,mean_action_time_ms,std_action_time_ms
500,0.54,0.7539230729988305,7.46,1.519341962824696,0.030083637908998744,0.0034137164407218386
