checkpoint,mean_reward,std_reward,mean_steps,std_steps,mean_action_time_ms,std_action_time_ms
1000,0.04,0.9991996797437437,591.58,556.5931041613793,0.03332106421654436,0.0026899963956685193
10000,-0.72,0.6939740629158988,144.68,110.05933672342388,0.033624073723395466,0.002610505607015007
100000,-0.76,0.6499230723708769,205.6,371.42374722141824,0.03311818721296505,0.0026036041440993815
