checkpoint,mean_reward,std_reward,mean_steps,std_steps,mean_action_time_ms,std_action_time_ms
500,-0.92,0.39191835884530857,45.84,49.95492368125488,0.03420039765572543,0.003985011403835344
