checkpoint,mean_reward,std_reward,mean_steps,std_steps,mean_action_time_ms,std_action_time_ms
1000,1.0,0.0,8.0,0.0,0.022617760187131353,0.0017572568142002266
10000,0.0,0.0,10000.0,0.0,0.022969324916019104,0.010319000212286397
