checkpoint,mean_reward,std_reward,mean_steps,std_steps,mean_action_time_ms,std_action_time_ms
1000,-0.08,0.9967948635501691,1076.88,958.6824633839924,0.03390745999250507,0.01464583071193943
10000,-0.6,0.8,182.76,180.29759399392992,0.03326458198687563,0.0025713206772755783
100000,-0.72,0.6939740629158988,167.18,191.1792551507616,0.033002972054745304,0.0019064888412701887
