checkpoint,mean_reward,std_reward,mean_steps,std_steps,mean_action_time_ms,std_action_time_ms
500,-0.92,0.3919183588453085,34.0,22.960836221705865,0.003406471120851005,0.0012423197005279995
