checkpoint,mean_reward,std_reward,mean_steps,std_steps,mean_action_time_ms,std_action_time_ms
100,1.0,0.0,96.56,77.61653432098086,0.00024315255101694546,6.923809413694778e-05
500,1.0,0.0,72.28,54.26455196534843,0.00024361925804704083,7.370140875884141e-05
1000,1.0,0.0,79.76,65.6933969284585,0.0002411512594713027,4.913132719848253e-05
