checkpoint,mean_reward,std_reward,mean_steps,std_steps,mean_action_time_ms,std_action_time_ms
500,-0.16,0.9871170143402451,1742.32,1605.4830356001899,0.03400023773400716,0.00506897675578611
