checkpoint,mean_reward,std_reward,mean_steps,std_steps,mean_action_time_ms,std_action_time_ms
500,0.63,0.6878226515607057,6.84,1.3617635624439361,0.030442891664166062,0.0026624525045003864
