checkpoint,mean_reward,std_reward,mean_steps,std_steps,mean_action_time_ms,std_action_time_ms
10,0.2354,0.9718985749552265,18.6663,15.72560155637933,0.40840292299624736,0.1029740187233675
50,-0.0066,0.9999782197628105,15.0314,10.199206539726509,0.42890179499789216,0.11273734754756852
100,0.2832,0.9590608739803747,12.654,8.87530754396714,0.4391443069446095,0.11362246462837673
500,0.9114,0.41152161547116817,9.0238,6.210236191965649,0.4412079164960241,0.11943508217993686
1000,0.9538,0.3004422739895303,7.6589,5.283819715887361,0.43901260149873333,0.11918224508854575
5000,0.9806,0.19601948882700415,7.8349,5.520529140399496,0.43500371466466337,0.11209595962520556
10000,0.9976,0.06924045060511956,7.096,4.515615572654519,0.4359130467912321,0.11850709263818444
50000,0.9994,0.034635819609184944,6.5466,3.542093793224567,0.4364944979135273,0.11094556859267808
100000,0.9996,0.028281442678901654,6.7196,3.6793173062403848,0.41997143282481053,0.09727019006996586
