checkpoint,mean_reward,std_reward,mean_steps,std_steps,mean_action_time_ms,std_action_time_ms
100,-0.04,0.9991996797437438,28.4,25.36138797463577,0.00026188561246848446,5.854608161328291e-05
500,-0.2,0.9797958971132713,32.56,23.41637034213458,0.0002674603762095954,0.00023141646019597266
1000,0.0,1.0,35.24,23.333718092065826,0.00026754820988926867,0.000170006012336591
