checkpoint,mean_reward,std_reward,mean_steps,std_steps,mean_action_time_ms,std_action_time_ms
1000,0.94,0.31048349392520047,5.58,0.9816312953446421,0.33606554879037415,0.07416160830793579
10000,0.7,0.6708203932499369,7.48,1.5904716281656834,0.2844822966393944,0.04230351961988857
50000,0.67,0.6489221833163049,7.24,1.510761397441701,0.3803221130226994,0.09355406720890791
70000,0.58,0.7507329751649384,7.66,1.1508257904652641,0.30855505881096607,0.07200775142091952
100000,0.68,0.705407683541936,6.6,1.5937377450509227,0.35457506702667296,0.08728582766050748
