checkpoint,mean_reward,std_reward,mean_steps,std_steps,mean_action_time_ms,std_action_time_ms
1000,0.22,0.8669486720677297,8.17,1.0203430795570674,0.0294124596670421,0.002666596994164554
10000,0.45,0.7533259586659683,8.66,0.8511169132381284,0.029389532956931936,0.003344985879594773
50000,0.48,0.6997142273814362,8.74,0.7017121917139534,0.02907252574742243,0.002169998453514158
