checkpoint,mean_reward,std_reward,mean_steps,std_steps,mean_action_time_ms,std_action_time_ms
500,0.53,0.7273926037567333,7.7,1.2206555615733703,0.030423360185863047,0.0037915385803365146
