checkpoint,mean_reward,std_reward,mean_steps,std_steps,mean_action_time_ms,std_action_time_ms
100,0.42,0.8022468448052633,7.8,1.3114877048604001,0.0002674369255167454,6.795956427889277e-05
500,0.52,0.8304215796810679,7.82,1.3067516979135705,0.00026067955755130497,5.0234499422201586e-05
1000,0.34,0.8627861844049196,7.66,1.38,0.0002606712985739467,4.32058295843439e-05
