checkpoint,mean_reward,std_reward,mean_steps,std_steps,mean_action_time_ms,std_action_time_ms
1000,1.0,0.0,4.0,0.0,0.02252336300443858,0.0010731584507080142
10000,1.0,0.0,4.0,0.0,0.02213051644503139,0.0007723693335408568
100000,1.0,0.0,4.0,0.0,0.02412281814031303,0.0028927627013980296
