checkpoint,mean_reward,std_reward,mean_steps,std_steps,mean_action_time_ms,std_action_time_ms
1000,0.68,0.630555310817378,7.75,1.0988630487917956,0.30917713625677873,0.06786917592590316
10000,0.71,0.6526101439603893,7.03,1.5585570249432645,0.34814671716797635,0.0867748920074898
