checkpoint,mean_reward,std_reward,mean_steps,std_steps,mean_action_time_ms,std_action_time_ms
500,0.74,0.6421837743200929,6.57,1.2021231218140678,0.03019168919286923,0.004779194832365864
