checkpoint,mean_reward,std_reward,mean_steps,std_steps,mean_action_time_ms,std_action_time_ms
500,0.76,0.6019966777316964,6.57,1.1597844627343477,0.031232093037529423,0.007040189484104407
