checkpoint,mean_reward,std_reward,mean_steps,std_steps,mean_action_time_ms,std_action_time_ms
500,0.61,0.6913031173081746,7.12,1.3948476619330155,0.03069292288273573,0.003296560328171441
